Cat Cannon Power|Increases Cat Cannon attack power.|But also increases recharge time...| |
Cat Cannon Range|Increases Cat Cannon attack range.| | |
Cat Cannon Charge|Decreases Cat Cannon recharge time.| | |
Worker Cat Efficiency|Increases the Worker Cat's efficiency,|increasing rate of income.| |
Worker Cat Wallet|Increases the Worker Cat's wallet,|increasing the upper limit of income.| |
Cat Base Health|Increases the health of the Cat Base.| | |
Cat Research|Increases Cat production speed.| | |
Cat Accounting|Increases the money earned|when defeating an enemy.| |
Cat Study|Increases the amount of XP|received when clearing a stage.| |
Cat Energy|Increases the max limit of Cat Energy.|You require Cat Energy to continue fighting.| |
