☆★☆ Bonus Item ☆★☆|Clear "Empire of Cats" Ch. 2 and|get Valkyrie Cat!| |
☆★☆ Bonus Item ☆★☆|Clear "Empire of Cats" Ch. 3 and|get Bahamut Cat!| |
☆★☆ Bonus Item ☆★☆|Clear "Into the Future" Ch. 1 to unlock|new CatCombos for use in battle!| |☆★☆ Bonus Item ☆★☆|Clear "Into the Future" Ch. 2 to unlock|the True Form of Valkyrie Cat!| |☆★☆ Bonus Item ☆★☆|Clear "Into the Future" Ch. 3 to unlock|the True Form of Bahamut Cat!| |
☆★☆ Bonus Item ☆★☆|Clear the Greece stage to unlock|the Super Rare Unit|"Bean Cats"|☆★☆ Bonus Item ☆★☆|Clear "Empire of Cats" Ch. 1 to unlock|the Super Rare Unit|"Moneko"|
Stage Clear Reward 1|Clear "The Great Escaper" for|a chance to get the Special unit|"Ururun Wolf"!|
Stage Clear Reward 2|Clear "Saint Red Fox" for a|chance to get the Special unit|"Li'l Nyandam"!|
Stage Clear Reward 3|Clear "Weak And Mildly Acidic" for a|chance to get the Special unit|"Red Riding Mina "!|
