Game speed will be doubled.|Tap the item while in battle|to toggle it on or off.|
Treasure acquisition will be 100%|You will definitely get the best|treasure if you win the battle.|
Worker Cat|starts at the highest level|＠|
Cat CPU will control your base|and fight for you. Don't expect much.|＠|
Receive 1.5 times more experience|than usual upon stage clear.|＠|
Cat sniper provides cover fire and|pushes back enemies. Attack power is|proportional to your Cat Base's health.|
You can buy XP with Cat Food.|＠| |
You can buy XP with Cat Food.|＠| |
You can buy XP with Cat Food.|＠| |
You can buy XP with Cat Food.|＠| |
You can buy XP with Cat Food.|＠| | 
GAMATOTO Expedition length|will be shortened by 1 hour.|＠|
GAMATOTO Expedition length|will be shortened by 3 hours.|＠|
GAMATOTO Expedition length|will be shortened by 6 hours.|＠|
