＠|＠|＠|EVOLVE at Level 10|＠|＠|EVOLVE at Lvl 30 (Incl. MAX+)|＠|＠|＠|//ネコ
Appears after Empire Ch. I: Korea|＠|＠|EVOLVE at Level 10|＠|＠|EVOLVE at Lvl 30 (Incl. MAX+)|＠|＠|＠|//タンクネコ
Appears after Empire Ch. I: China|＠|＠|EVOLVE at Level 10|＠|＠|EVOLVE at Lvl 30 (Incl. MAX+)|＠|＠|＠|//バトルネコ
Appears after Empire Ch. I: Philippines|＠|＠|EVOLVE at Level 10|＠|＠|EVOLVE at Lvl 30 (Incl. MAX+)|＠|＠|＠|//キモネコ
Appears after Empire Ch. I: Spain|＠|＠|EVOLVE at Level 10|＠|＠|EVOLVE at Lvl 30 (Incl. MAX+)|＠|＠|＠|//ウシネコ
Appears after Empire Ch. I: Spain|＠|＠|EVOLVE at Level 10|＠|＠|EVOLVE at Lvl 30 (Incl. MAX+)|＠|＠|＠|//ネコノトリ
Appears after Empire Ch. I: Madagascar|＠|＠|EVOLVE at Level 10|＠|＠|EVOLVE at Lvl 30 (Incl. MAX+)|＠|＠|＠|//ネコフィッシュ
Appears after Empire Ch. I: Egypt|＠|＠|EVOLVE at Level 10|＠|＠|EVOLVE at Lvl 30 (Incl. MAX+)|＠|＠|＠|//ネコトカゲ
Appears after Empire Ch. I: Italy|＠|＠|EVOLVE at Level 10|＠|＠|EVOLVE at Lvl 30 (Incl. MAX+)|＠|＠|＠|//巨神ネコ
Appears after Empire Ch. II: Japan|＠|＠|EVOLVE at Level 10|＠|＠|From Awakened Event Stage|"Actress Awakes!"|EVOLVE at Level 20|＠|//ネコ女優
Appears after Empire Ch. I: Jamaica|＠|＠|EVOLVE at Level 10|＠|＠|From Awakened Event Stage|"Kung-Fu Awakes!"|EVOLVE at Level 20|＠|//カンフーにゃんこ
Appears after Empire Ch. II: India|＠|＠|EVOLVE at Level 10|＠|＠|From Awakened Event Stage|"Mr. Awakes!"|EVOLVE at Level 20|＠|//Mr.
Appears after Empire Ch. I: Denmark|＠|＠|EVOLVE at Level 10|＠|＠|From Awakened Event Stage|"Bondage Awakes!"|EVOLVE at Level 20|＠|//猫縛り
Appears after Empire Ch. I: Greenland|＠|＠|EVOLVE at Level 10|＠|＠|From Awakened Event Stage|"Dom Awakes!"|EVOLVE at Level 20|＠|//女王猫
Appears after Empire Ch. I: Egypt|＠|＠|EVOLVE at Level 10|＠|＠|From Awakened Event Stage|"Box Cats Awake!"|EVOLVE at Level 20|＠|//ネコの箱詰め
Appears after Empire Ch. II: Bermuda|＠|＠|EVOLVE at Level 10|＠|＠|From Awakened Event Stage|"Panties Awake!"|EVOLVE at Level 20|＠|//ネコパンツ
Appears after Empire Ch. I: Moon|＠|＠|EVOLVE at Level 10|＠|＠|＠|＠|＠|＠|//もねこ
Unlocked with 30 Login Stamps|＠|＠|EVOLVE at Level 10|＠|＠|From Awakened Event Stage|"Tricycle Awakes!"|EVOLVE at Level 20|＠|//ネコリンリン
Appears after Empire Ch. I: Philippines|＠|＠|EVOLVE at Level 10|＠|＠|From Awakened Event Stage|"Ninja Awakes!"|EVOLVE at Level 20|＠|//ネコ忍者
Appears after Empire Ch. I: Madagascar|＠|＠|EVOLVE at Level 10|＠|＠|From Awakened Event Stage|"Zombie Awakes!"|EVOLVE at Level 20|＠|//ネコゾンビ
Appears after Empire Ch. I: Nepal|＠|＠|EVOLVE at Level 10|＠|＠|From Awakened Event Stage|"Samurai Awakes!"|EVOLVE at Level 20|＠|//ネコざむらい
Appears after Empire Ch. I: Singapore|＠|＠|EVOLVE at Level 10|＠|＠|From Awakened Event Stage|"Sumo Awakes!"|EVOLVE at Level 20|＠|//スモウネコ
Appears after Empire Ch. I: Italy|＠|＠|EVOLVE at Level 10|＠|＠|From Awakened Event Stage|"Boogie Awakes!"|EVOLVE at Level 20|＠|//ネコフィーバー
Appears after Empire Ch. II: Greece|＠|＠|EVOLVE at Level 10|＠|＠|From Awakened Event Stage|"Skirt Awakes!"|EVOLVE at Level 20|＠|//ネコスカート
Appears after Empire Ch. II: Moon|＠|＠|EVOLVE at Level 10|＠|＠|Appears after Future Ch. II: Moon|EVOLVE at Level 20|＠|＠|//ネコヴァルキリー
Appears after Empire Ch. III: Moon|＠|＠|EVOLVE at Level 10|＠|＠|Appears after Future Ch. III: Moon|EVOLVE at Level 20|＠|＠|//ネコムート
Collect from Collab. Event|＠|＠|EVOLVE at Level 10|＠|＠|＠|＠|＠|＠|//ケリ姫
Collect from Collab. Event|＠|＠|EVOLVE at Level 10|＠|＠|＠|＠|＠|＠|//ネコひめ
Collect as Special Gift|＠|＠|EVOLVE at Level 10|＠|＠|＠|＠|＠|＠|//ネコカプセル
Collect as Special Gift|＠|＠|EVOLVE at Level 10|＠|＠|＠|＠|＠|＠|//マスクオブネコ
Collect from Rare Capsules!|＠|＠|EVOLVE at Level 10|＠|＠|Once Lvl 30 is reached, use|XP and Catfruit to Evolve.|＠|＠|//ネコぼさつ
Collect from Rare Capsules!|＠|＠|EVOLVE at Level 10|＠|＠|＠|＠|＠|＠|//ネコ番長
Collect from Rare Capsules!|＠|＠|EVOLVE at Level 10|＠|＠|Once Lvl 30 is reached, use|XP and Catfruit to Evolve.|＠|＠|//ネコザイル
Collect from Rare Capsules!|＠|＠|EVOLVE at Level 10|＠|＠|＠|＠|＠|＠|//ねこタツ
From Rare Capsule Event|"Tales of the Nekoluga"|＠|EVOLVE at Level 10|＠|＠|Once Lvl 30 is reached, use|XP and Catfruit to Evolve.|＠|＠|//ネコルガ
Collect from Rare Capsules!|＠|＠|EVOLVE at Level 10|＠|＠|＠|＠|＠|＠|//オタネコ
Collect from Rare Capsules!|＠|＠|EVOLVE at Level 10|＠|＠|＠|＠|＠|＠|//ネコスイマー
Collect from Rare Capsules!|＠|＠|EVOLVE at Level 10|＠|＠|Once Lvl 30 is reached, use|XP and Catfruit to Evolve.|＠|＠|//ネコホッピング
Collect from Rare Capsules!|＠|＠|EVOLVE at Level 10|＠|＠|Once Lvl 30 is reached, use|XP and Catfruit to Evolve.|＠|＠|//ネコ車輪
Collect from Rare Capsules!|＠|＠|EVOLVE at Level 10|＠|＠|Once Lvl 30 is reached, use|XP and Catfruit to Evolve.|＠|＠|//ネコリンゴ
Collect from Rare Capsules!|＠|＠|EVOLVE at Level 10|＠|＠|Once Lvl 30 is reached, use|XP and Catfruit to Evolve.|＠|＠|//ネコバスたぶ
Collect from Rare Capsules!|＠|＠|EVOLVE at Level 10|＠|＠|＠|＠|＠|＠|//ネコエステ
From Rare Capsule Event|"The Dynamites"|＠|EVOLVE at Level 10|＠|＠|Once Lvl 30 is reached, use|XP and Catfruit to Evolve.|＠|＠|//ネコアイス
From Rare Capsule Event|"The Dynamites"|＠|EVOLVE at Level 10|＠|＠|Once Lvl 30 is reached, use|XP and Catfruit to Evolve.|＠|＠|//ネコマシン
From Rare Capsule Event|"The Dynamites"|＠|EVOLVE at Level 10|＠|＠|Once Lvl 30 is reached, use|XP and Catfruit to Evolve.|＠|＠|//鬼にゃんま
Collect as Special Gift|＠|＠|EVOLVE at Level 10|＠|＠|＠|＠|＠|＠|//芸者ねこ
Collect from Rare Capsules!|＠|＠|EVOLVE at Level 10|＠|＠|Once Lvl 30 is reached, use|XP and Catfruit to Evolve.|＠|＠|//ねこジュラ
Collect from Rare Capsules!|＠|＠|EVOLVE at Level 10|＠|＠|Once Lvl 30 is reached, use|XP and Catfruit to Evolve.|＠|＠|//ねこファイター
Collect from Rare Capsules!|＠|＠|EVOLVE at Level 10|＠|＠|Once Lvl 30 is reached, use|XP and Catfruit to Evolve.|＠|＠|//ねこ海賊
Collect from Rare Capsules!|＠|＠|EVOLVE at Level 10|＠|＠|Once Lvl 30 is reached, use|XP and Catfruit to Evolve.|＠|＠|//ねこ泥棒
Collect from Rare Capsules!|＠|＠|EVOLVE at Level 10|＠|＠|Once Lvl 30 is reached, use|XP and Catfruit to Evolve.|＠|＠|//ねこ僧侶
Collect from Rare Capsules!|＠|＠|EVOLVE at Level 10|＠|＠|Once Lvl 30 is reached, use|XP and Catfruit to Evolve.|＠|＠|//ねこ占い師
Collect from Rare Capsules!|＠|＠|EVOLVE at Level 10|＠|＠|＠|＠|＠|＠|//ネコシャーマン
Collect as Special Gift|＠|＠|EVOLVE at Level 10|＠|＠|＠|＠|＠|＠|//エヴァンジェリスト
Collect from Collab. Event|＠|＠|EVOLVE at Level 10|＠|＠|＠|＠|＠|＠|//10式戦車
Collect from Rare Capsules!|＠|＠|EVOLVE at Level 10|＠|＠|Once Lvl 30 is reached, use|XP and Catfruit to Evolve.|＠|＠|//ネコ魔女
Collect from Rare Capsules!|＠|＠|EVOLVE at Level 10|＠|＠|Once Lvl 30 is reached, use|XP and Catfruit to Evolve.|＠|＠|//ネコアーチャー
From Rare Capsule Set|"The Dynamites"|＠|EVOLVE at Level 10|＠|＠|Once Lvl 30 is reached, use|XP and Catfruit to Evolve.|＠|＠|//ネコシュバリエ
Collect from Rare Capsules!|＠|＠|EVOLVE at Level 10|＠|＠|Once Lvl 30 is reached, use|XP and Catfruit to Evolve.|＠|＠|//ネコ魔剣士
From Rare Capsule Set|"The Dynamites"|＠|EVOLVE at Level 10|＠|＠|Once Lvl 30 is reached, use|XP and Catfruit to Evolve.|＠|＠|//ねこベビー
From Event Stage|"Heaven of Darkness"|＠|EVOLVE at Level 10|＠|＠|＠|＠|＠|＠|//ネコブ・ロンズ
Collect from Rare Capsules!|＠|＠|EVOLVE at Level 10|＠|＠|＠|＠|＠|＠|//ねこ寿司
Collect as Special Gift|＠|＠|EVOLVE at Level 10|＠|＠|＠|＠|＠|＠|//ネコポン
From Monthly Event Stage|"Autumn = Sports Day!"|＠|EVOLVE at Level 10|＠|＠|From Awakened Event Stage|"Sports Day Awakens!"|EVOLVE at Level 20|＠|//ネコ運動会
Collect from Collab. Event|＠|＠|EVOLVE at Level 10|＠|＠|＠|＠|＠|＠|//剣士
Collect from Collab. Event|＠|＠|EVOLVE at Level 10|＠|＠|＠|＠|＠|＠|//ウシ姫
Collect from Collab. Event|＠|＠|EVOLVE at Level 10|＠|＠|＠|＠|＠|＠|//KHM48
Collect from Collab. Event|＠|＠|EVOLVE at Level 10|＠|＠|＠|＠|＠|＠|//チビガウ
Collect from Collab. Event|＠|＠|EVOLVE at Level 10|＠|＠|＠|＠|＠|＠|//執行者
Collect from Collab. Event|"Enchanted Princess"|＠|EVOLVE at Level 10|＠|＠|＠|＠|＠|＠|//眠れるケリの美女
From Monthly Event Stage|"Loving Labor"|＠|EVOLVE at Level 10|＠|＠|From Awakened Event Stage|"Salaryman Awakes!"|EVOLVE at Level 20|＠|//ネコリーマン
From Rare Capsule Event|"Sengoku Wargods Vajiras"|＠|EVOLVE at Level 10|＠|＠|Once Lvl 30 is reached, use|XP and Catfruit to Evolve.|＠|＠|//真田幸村
From Rare Capsule Event|"Sengoku Wargods Vajiras"|＠|EVOLVE at Level 10|＠|＠|Once Lvl 30 is reached, use|XP and Catfruit to Evolve.|＠|＠|//前田慶次
From Rare Capsule Event|"Sengoku Wargods Vajiras"|＠|EVOLVE at Level 10|＠|＠|＠|＠|＠|＠|//織田信長
From Monthly Event Stage|"Jingle Cat Bell"|＠|EVOLVE at Level 10|＠|＠|From Awakened Event Stage|"Reindeer Fish Awakens!"|EVOLVE at Level 20|＠|//トナカイフィッシュ
From Rare Capsule Event|"Cyber Academy Galaxy Gals"|＠|EVOLVE at Level 10|＠|＠|Once Lvl 30 is reached, use|XP and Catfruit to Evolve.|＠|＠|//風神のウィンディ
From Rare Capsule Event|"Cyber Academy Galaxy Gals"|＠|EVOLVE at Level 10|＠|＠|Once Lvl 30 is reached, use|XP and Catfruit to Evolve.|＠|＠|//雷神のサンディア
Collect from Collab. Event|＠|＠|EVOLVE at Level 10|＠|＠|Collect from Collab. Event|"Droid Awakes!"|EVOLVE at Level 20|＠|//ドロイド
Collect from Event Map|"Crimson Catastrophe"|＠|EVOLVE at Level 10|＠|＠|＠|＠|＠|＠|//ネコと宇宙
From Monthly Event Stage|"Happy New Year?"|＠|EVOLVE at Level 10|＠|＠|From Awakened Event Stage|"Adult Cat Awakes!"|EVOLVE at Level 20|＠|//にゃんこ成人
From Monthly Event Stage|"Ritual Happiness"|＠|EVOLVE at Level 10|＠|＠|From Awakened Event Stage|"Evil Cat Awakes!"|EVOLVE at Level 20|＠|//吾輩は鬼である
From Monthly Event Stage|"Bears be Bear"|＠|EVOLVE at Level 10|＠|＠|From Awakened Event Stage|"Doll Cats Awake!"|EVOLVE at Level 20|＠|//ひなにゃんこ
Collect as Special Gift|＠|＠|EVOLVE at Level 10|＠|＠|＠|＠|＠|＠|//ネコ忍者～青～
From Rare Capsule Event|"Lords of Destruction: Dragon Emperors"|＠|EVOLVE at Level 10|＠|＠|Once Lvl 30 is reached, use|XP and Catfruit to Evolve.|＠|＠|//地龍ソドム
From Rare Capsule Event|"Lords of Destruction: Dragon Emperors"|＠|EVOLVE at Level 10|＠|＠|Once Lvl 30 is reached, use|XP and Catfruit to Evolve.|＠|＠|//聖龍メギドラ
From Rare Capsule Event|"Lords of Destruction: Dragon Emperors"|＠|EVOLVE at Level 10|＠|＠|Once Lvl 30 is reached, use|XP and Catfruit to Evolve.|＠|＠|//竜騎士バルス
From Rare Capsule Event|"Lords of Destruction: Dragon Emperors"|＠|EVOLVE at Level 10|＠|＠|Once Lvl 30 is reached, use|XP and Catfruit to Evolve.|＠|＠|//神龍かむくら
From Rare Capsule Event|"Lords of Destruction: Dragon Emperors"|＠|EVOLVE at Level 10|＠|＠|Once Lvl 30 is reached, use|XP and Catfruit to Evolve.|＠|＠|//竜戦機ライデン
Collect from Event Map|"Peerless"|＠|EVOLVE at Level 10|＠|＠|＠|＠|＠|＠|//ネコなわとび
Collect from Collab. Event|＠|＠|EVOLVE at Level 10|＠|＠|＠|＠|＠|＠|//ニムエ
Collect from Collab. Event|＠|＠|EVOLVE at Level 10|＠|＠|＠|＠|＠|＠|//猿王From Event Stage|"The Crazed Cat"|＠|EVOLVE at Level 10|＠|＠|Use the drop reward from|the "Cat Maniac" Stage|to Evolve at Level 20.|＠|//狂乱のネコ
From Event Stage|"The Crazed Tank"|＠|EVOLVE at Level 10|＠|＠|Use the drop reward from|the "Tank Maniac" Stage|to Evolve at Level 20.|＠|//狂乱のタンクネコFrom Event Stage|"The Crazed Axe"|＠|EVOLVE at Level 10|＠|＠|Use the drop reward from|the "Axe Maniac" Stage|to Evolve at Level 20.|＠|//狂乱のバトルネコFrom Event Stage|"The Crazed Gross"|＠|EVOLVE at Level 10|＠|＠|Use the drop reward from|the "Gross Maniac" Stage|to Evolve at Level 20.|＠|//狂乱のキモネコFrom Event Stage|"The Crazed Cow"|＠|EVOLVE at Level 10|＠|＠|Use the drop reward from|the "Cow Maniac" Stage|to Evolve at Level 20.|＠|//狂乱のウシネコFrom Event Stage|"The Crazed Bird"|＠|EVOLVE at Level 10|＠|＠|Use the drop reward from|the "Bird Maniac" Stage|to Evolve at Level 20.|＠|//狂乱のネコノトリFrom Event Stage|"The Crazed Fish"|＠|EVOLVE at Level 10|＠|＠|Use the drop reward from|the "Fish Maniac" Stage|to Evolve at Level 20.|＠|//狂乱のネコフィッシュFrom Event Stage|"The Crazed Lizard"|＠|EVOLVE at Level 10|＠|＠|Use the drop reward from|the "Lizard Maniac" Stage|to Evolve at Level 20.|＠|//狂乱のネコトカゲFrom Event Stage|"The Crazed Titan"|＠|EVOLVE at Level 10|＠|＠|Use the drop reward from|the "Titan Maniac" Stage|to Evolve at Level 20.|＠|//狂乱の巨神ネコ
From Monthly Event Stage|"Teacher! It's Spring"|＠|EVOLVE at Level 10|＠|＠|From Awakened Event Stage|"Maiden Awakes!"|EVOLVE at Level 20|＠|//ネコ乙女Collect from Collab. Event|＠|＠|EVOLVE at Level 10|＠|＠|＠|＠|＠|＠|//弱酸性エルCollect from Collab. Event|＠|＠|EVOLVE at Level 10|＠|＠|＠|＠|＠|＠|//レッドマローンCollect from Collab. Event|＠|＠|EVOLVE at Level 10|＠|＠| | | |＠|//歌謡にゃんこFrom Monthly Event Stage|"Love is Sickness"|＠|EVOLVE at Level 10|＠|＠|Use the drop reward from|the "Koi Awakens!" Stage|to Evolve at Level 20.|＠|//マジでコイしてる
From Rare Capsule Event|"Cyber Academy Galaxy Gals"|＠|EVOLVE at Level 10|＠|＠|Once Lvl 30 is reached, use|XP and Catfruit to Evolve.|＠|＠|//猿帝のクウFrom Rare Capsule Event|"Cyber Academy Galaxy Gals"|＠|EVOLVE at Level 10|＠|＠|＠|＠|＠|＠|//召し豚のカイFrom Rare Capsule Event|"Cyber Academy Galaxy Gals"|＠|EVOLVE at Level 10|＠|＠|Once Lvl 30 is reached, use|XP and Catfruit to Evolve.|＠|＠|//宝杖のカッパーマイン
Collect as Special Gift|＠|＠|EVOLVE at Level 10|＠|＠|＠|＠|＠|＠|//にゃんこ３兄弟From Monthly Event Stage|"The Forbidden Bride"|＠|EVOLVE at Level 10|＠|＠|Use the drop reward from|the "Bride Awakens!" Stage|to Evolve at Level 20.|＠|//マダム・ザ・花嫁Collect from Collab. Event|＠|＠|EVOLVE at Level 10|＠|＠|＠|＠|＠|＠|//セレスCollect from Collab. Event|＠|＠|EVOLVE at Level 10|＠|＠|＠|＠|＠|＠|//ノノCollect from Collab. Event|＠|＠|EVOLVE at Level 10|＠|＠|＠|＠|＠|＠|//オルガCollect from Collab. Event|＠|＠|EVOLVE at Level 10|＠|＠|＠|＠|＠|＠|//ノルンCollect from Collab. Event|＠|＠|EVOLVE at Level 10|＠|＠|＠|＠|＠|＠|//よいちCollect from Collab. Event|＠|＠|EVOLVE at Level 10|＠|＠|＠|＠|＠|＠|//セラムCollect from Collab. Event|＠|＠|EVOLVE at Level 10|＠|＠|＠|＠|＠|＠|//フウCollect from Collab. Event|＠|＠|EVOLVE at Level 10|＠|＠|＠|＠|＠|＠|//アウラCollect from Collab. Event|＠|＠|EVOLVE at Level 10|＠|＠|＠|＠|＠|＠|//レイCollect from Collab. Event|＠|＠|EVOLVE at Level 10|＠|＠|＠|＠|＠|＠|//ワイバーンCollect from Collab. Event|＠|＠|EVOLVE at Level 10|＠|＠|Collect from Collab. Event|"Warlock Awakes!"|EVOLVE at Level 20|＠|//癒術士Collect from Collab. Event|＠|＠|EVOLVE at Level 10|＠|＠|＠|＠|＠|＠|//メルク
From Monthly Event Stage|"Never Summer!"|＠|EVOLVE at Level 10|＠|＠|From Awakened Event Stage|"End of Holiday"|EVOLVE at Level 20|＠|//女王様の休日Appears after Empire Ch. I: Greece|＠|＠|EVOLVE at Level 10|＠|＠|＠|＠|＠|＠|//マメマメにゃんこFrom Rare Capsule Event|"Sengoku Wargods Vajiras"|＠|EVOLVE at Level 10|＠|＠|Once Lvl 30 is reached, use|XP and Catfruit to Evolve.|＠|＠|//伊達政宗From Rare Capsule Event|"Sengoku Wargods Vajiras"|＠|EVOLVE at Level 10|＠|＠|＠|＠|＠|＠|//武田信玄From Event Stage|"Wrath of Heaven"|＠|EVOLVE at Level 10|＠|＠|＠|＠|＠|＠|//カラクリにゃんこ???|＠|＠|EVOLVE at Level 10|＠|＠|＠|＠|＠|＠|//ネコフラワー
From Monthly Event Stage|"Ghostly Houseguests"|＠|EVOLVE at Level 10|＠|＠|From Awakened Event Stage|"Vengeance Awakes!"|EVOLVE at Level 20|＠|//うらめしにゃんCollect from Limited Rare Capsules|＠|＠|EVOLVE at Level 10|＠|＠|＠|＠|＠|＠|//金ネコStage Clear Reward|from Stories of Legend|"Jailbreak Tunnel"|EVOLVE at Level 10|＠|＠|＠|＠|＠|＠|//ウルフとウルルンCollect from Limited Rare Capsules|＠|＠|EVOLVE at Level 10|＠|＠|＠|＠|＠|＠|//ねねこFrom Monthly Event Stage|"Old Guys about Town"|＠|EVOLVE at Level 10|＠|＠|From Awakened Event Stage|"Kung-Fu X Awakes!"|EVOLVE at Level 20|＠|//カンフーにゃんこＧCollect as Special Gift|＠|＠|EVOLVE at Level 10|＠|＠|After inputting Code, EVOLVE at Lvl. 20|＠|＠|＠|//ヒカキンFrom Rare Capsule Event|"Ancient Heroes: Ultra Souls"|＠|EVOLVE at Level 10|＠|＠|＠|＠|＠|＠|//うらしまタロウFrom Rare Capsule Event|"Ancient Heroes: Ultra Souls"|＠|EVOLVE at Level 10|＠|＠|＠|＠|＠|＠|//ツルの恩返しFrom Rare Capsule Event|"Ancient Heroes: Ultra Souls"|＠|EVOLVE at Level 10|＠|＠|Once Lvl 30 is reached, use|XP and Catfruit to Evolve.|＠|＠|//ももたろうFrom Rare Capsule Event|"Ancient Heroes: Ultra Souls"|＠|EVOLVE at Level 10|＠|＠|＠|＠|＠|＠|//かさじぞうFrom Rare Capsule Event|"Ancient Heroes: Ultra Souls"|＠|EVOLVE at Level 10|＠|＠|Once Lvl 30 is reached, use|XP and Catfruit to Evolve.|＠|＠|//かぐやひめ
＠|＠|＠|EVOLVE at Level 10|＠|＠|＠|＠|＠|＠|//ネコンドーCollect as Special Gift|＠|＠|EVOLVE at Level 10|＠|＠|＠|＠|＠|＠|//ふにゅふにゅネコCollect as Special Gift|＠|＠|EVOLVE at Level 10|＠|＠|＠|＠|＠|＠|//神様Collect as Special Gift|＠|＠|EVOLVE at Level 10|＠|＠|＠|＠|＠|＠|//ネコチュートリアルFrom Rare Capsule Event|"The Dynamites"|＠|EVOLVE at Level 10|＠|＠|＠|＠|＠|＠|//ねこナースCollect from Limited Rare Capsules|＠|＠|EVOLVE at Level 10|＠|＠|＠|＠|＠|＠|//にゃんこ城MiniCollect from Rare Capsules!|＠|＠|EVOLVE at Level 10|＠|＠|＠|＠|＠|＠|//ねこガンマンCollect from Rare Capsules!|＠|＠|EVOLVE at Level 10|＠|＠|＠|＠|＠|＠|//たけうまねこCollect from Rare Capsules!|＠|＠|EVOLVE at Level 10|＠|＠|Once Lvl 30 is reached, use|XP and Catfruit to Evolve.|＠|＠|//ブリキネコ
Collect from Rare Capsules!|＠|＠|EVOLVE at Level 10|＠|＠|＠|＠|＠|＠|//ねこロッカーCollect from Rare Capsules!|＠|＠|EVOLVE at Level 10|＠|＠|Once Lvl 30 is reached, use|XP and Catfruit to Evolve.|＠|＠|//ねこ人魚Collect from Rare Capsules!|＠|＠|EVOLVE at Level 10|＠|＠|＠|＠|＠|＠|//窓辺の乙女ネコCollect from Rare Capsules!|＠|＠|EVOLVE at Level 10|＠|＠|＠|＠|＠|＠|//ネコバーベルCollect from Rare Capsules!|＠|＠|EVOLVE at Level 10|＠|＠|＠|＠|＠|＠|//ネコスケートCollect from Rare Capsules!|＠|＠|EVOLVE at Level 10|＠|＠|Once Lvl 30 is reached, use|XP and Catfruit to Evolve.|＠|＠|//ネコトースター
Collect from Event Map|"Sweet Irony"|＠|EVOLVE at Level 10|＠|＠|＠|＠|＠|＠|//ねこフープ＠|＠|＠|EVOLVE at Level 10|＠|＠|＠|＠|＠|＠|//のべにゃんCollect from Collab. Event|＠|＠|EVOLVE at Level 10|＠|＠|＠|＠|＠|＠|//ドラリー剣士Collect from Collab. Event|＠|＠|EVOLVE at Level 10|＠|＠|＠|＠|＠|＠|//ヌボボFrom Rare Capsule Event|"Sengoku Wargods Vajiras"|＠|EVOLVE at Level 10|＠|＠|＠|＠|＠|＠|//上杉謙信From Rare Capsule Event|"Cyber Academy Galaxy Gals"|＠|EVOLVE at Level 10|＠|＠|＠|＠|＠|＠|//冥界のカリファCollect from Collab. Event|＠|＠|EVOLVE at Level 10|＠|＠|＠|＠|＠|＠|//ユーリンチーCollect from Collab. Event|＠|＠|EVOLVE at Level 10|＠|＠|＠|＠|＠|＠|//狂乱のケリ姫
Collect as Special Gift|＠|＠|EVOLVE at Level 10|＠|＠|＠|＠|＠|＠|//綾小路 翔Collect as Special Gift|＠|＠|EVOLVE at Level 10|＠|＠|＠|＠|＠|＠|//早乙女 光Collect as Special Gift|＠|＠|EVOLVE at Level 10|＠|＠|＠|＠|＠|＠|//西園寺 瞳Collect as Special Gift|＠|＠|EVOLVE at Level 10|＠|＠|＠|＠|＠|＠|//星グランマニエCollect as Special Gift|＠|＠|EVOLVE at Level 10|＠|＠|＠|＠|＠|＠|//白鳥松竹梅Collect from Collab. Event|＠|＠|EVOLVE at Level 10|＠|＠|＠|＠|＠|＠|//ネコヤンキーFrom Rare Capsule Event|"Tales of the Nekoluga"|＠|EVOLVE at Level 10|＠|＠|Once Lvl 30 is reached, use|XP and Catfruit to Evolve.|＠|＠|//アシルガFrom Rare Capsule Event|"Tales of the Nekoluga"|＠|EVOLVE at Level 10|＠|＠|＠|＠|＠|＠|//クビルガFrom Rare Capsule Event|"Tales of the Nekoluga"|＠|EVOLVE at Level 10|＠|＠|Once Lvl 30 is reached, use|XP and Catfruit to Evolve.|＠|＠|//テコルガFrom Rare Capsule Event|"Tales of the Nekoluga"|＠|EVOLVE at Level 10|＠|＠|＠|＠|＠|＠|//バララガ
Stage Clear Reward|from Stories of Legend|"Dead End Night"|EVOLVE at Level 10|＠|＠|＠|＠|＠|＠|//コニャンダムCollect from Collab. Event|＠|＠|EVOLVE at Level 10|＠|＠|＠|＠|＠|＠|//厨房マンボウCollect from Collab. Event|＠|＠|EVOLVE at Level 10|＠|＠|＠|＠|＠|＠|//マンボ王Collect from Collab. Event|＠|＠|EVOLVE at Level 10|＠|＠|＠|＠|＠|＠|//にゃんぼうCollect from Special Event|"Sweetest Sorrow"|＠|EVOLVE at Level 10|＠|＠|＠|＠|＠|＠|//マシュマロにゃんFrom Rare Capsule Event|"Lords of Destruction: Dragon Emperors"|＠|EVOLVE at Level 10|＠|＠|＠|＠|＠|＠|//覇龍ディオラムスCollect as Special Gift|＠|＠|EVOLVE at Level 10|＠|＠|＠|＠|＠|＠|//極道にゃんこCollect from Collab. Event|＠|＠|EVOLVE at Level 10|＠|＠| | | |＠|//タクヤとユキCollect from Collab. Event|＠|＠|EVOLVE at Level 10|＠|＠|＠|＠|＠|＠|//謎の少女ユキCollect from Collab. Event|＠|＠|EVOLVE at Level 10|＠|＠|＠|＠|＠|＠|//ゆきにゃん
Collect as Special Gift|＠|＠|EVOLVE at Level 10|＠|＠|＠|＠|＠|＠|//クククルCollect from Event Map|"The Battle Cats POP!"|＠|EVOLVE at Level 10|＠|＠|＠|＠|＠|＠|//にゃんこカートRCollect from Collab. Event|＠|＠|EVOLVE at Level 10|＠|＠|＠|＠|＠|＠|//ミスターニンジャCollect from Collab. Event|＠|＠|EVOLVE at Level 10|＠|＠|＠|＠|＠|＠|//ハルシュトCollect from Collab. Event|＠|＠|EVOLVE at Level 10|＠|＠|＠|＠|＠|＠|//コーネリアCollect from Collab. Event|＠|＠|EVOLVE at Level 10|＠|＠|＠|＠|＠|＠|//ユーヴェンスCollect from Collab. Event|＠|＠|EVOLVE at Level 10|＠|＠|＠|＠|＠|＠|//ミスティカCollect from Collab. Event|＠|＠|EVOLVE at Level 10|＠|＠|＠|＠|＠|＠|//アロイスCollect from Collab. Event|＠|＠|EVOLVE at Level 10|＠|＠|＠|＠|＠|＠|//シトルイユCollect from Collab. Event|＠|＠|EVOLVE at Level 10|＠|＠|＠|＠|＠|＠|//ティティ
Collect as Special Gift|＠|＠|EVOLVE at Level 10|＠|＠|＠|＠|＠|＠|//山岡実乃里Collect as Special Gift|＠|＠|EVOLVE at Level 10|＠|＠|＠|＠|＠|＠|//中村奏絵From Rare Capsule Event|"Justice Strikes Back: Dark Heroes"|＠|EVOLVE at Level 10|＠|＠|Once Lvl 30 is reached, use|XP and Catfruit to Evolve.|＠|＠|//アキラFrom Rare Capsule Event|"Justice Strikes Back: Dark Heroes"|＠|EVOLVE at Level 10|＠|＠|Once Lvl 30 is reached, use|XP and Catfruit to Evolve.|＠|＠|//西園寺メカ子From Rare Capsule Event|"Justice Strikes Back: Dark Heroes"|＠|EVOLVE at Level 10|＠|＠|＠|＠|＠|＠|//キャットマンダディCollect from Rare Capsules!|＠|＠|EVOLVE at Level 10|＠|＠|＠|＠|＠|＠|//サイキックネコCollect from Rare Capsules!|＠|＠|EVOLVE at Level 10|＠|＠|＠|＠|＠|＠|//ねこ陰陽師Collect from Rare Capsules!|＠|＠|EVOLVE at Level 10|＠|＠|＠|＠|＠|＠|//ネコサーファーCollect from Limited Rare Capsules|＠|＠|EVOLVE at Level 10|＠|＠|＠|＠|＠|＠|//メタルネコCollect from Event Map|"Dimension of Despair"|＠|EVOLVE at Level 10|＠|＠|＠|＠|＠|＠|//ドラムメニャー
＠|＠|＠|EVOLVE at Level 10|＠|＠|＠|＠|＠|＠|//小籠包にゃんこFrom Rare Capsule Event|"Ancient Heroes: Ultra Souls"|＠|EVOLVE at Level 10|＠|＠|＠|＠|＠|＠|//カチカチヤマンズCollect from Collab. Event|＠|＠|EVOLVE at Level 10|＠|＠|＠|＠|＠|＠|//アイルーCollect from Collab. Event|＠|＠|EVOLVE at Level 10|＠|＠|＠|＠|＠|＠|//シェリア【キリン】Collect from Collab. Event|＠|＠|EVOLVE at Level 10|＠|＠|＠|＠|＠|＠|//リオレウスCollect from Collab. Event|＠|＠|EVOLVE at Level 10|＠|＠|＠|＠|＠|＠|//リオレイアCollect from Collab. Event|＠|＠|EVOLVE at Level 10|＠|＠|＠|＠|＠|＠|//キリンネコCollect from Limited Event|＠|＠|EVOLVE at Level 10|＠|＠|＠|＠|＠|＠|//ちびネコCollect from Limited Event|＠|＠|EVOLVE at Level 10|＠|＠|＠|＠|＠|＠|//ちびタンクネコCollect from Limited Event|＠|＠|EVOLVE at Level 10|＠|＠|＠|＠|＠|＠|//ちびバトルネコ
From Rare Capsule Event|"Justice Strikes Back: Dark Heroes"|＠|EVOLVE at Level 10|＠|＠|＠|＠|＠|＠|//ホワイトラビットCollect from Special Event|"Faster Than Fast Food"|＠|EVOLVE at Level 10|＠|＠|＠|＠|＠|＠|//にゃんこバーガーCollect from Collab. Event|＠|＠|EVOLVE at Level 10|＠|＠|＠|＠|＠|＠|//百太郎Collect from Collab. Event|＠|＠|EVOLVE at Level 10|＠|＠|＠|＠|＠|＠|//マルコCollect from Collab. Event|＠|＠|EVOLVE at Level 10|＠|＠|＠|＠|＠|＠|//ターマCollect from Collab. Event|＠|＠|EVOLVE at Level 10|＠|＠|＠|＠|＠|＠|//エリCollect from Collab. Event|＠|＠|EVOLVE at Level 10|＠|＠|＠|＠|＠|＠|//フィオCollect from Collab. Event|＠|＠|EVOLVE at Level 10|＠|＠|＠|＠|＠|＠|//SV-001Collect from Collab. Event|＠|＠|EVOLVE at Level 10|＠|＠|＠|＠|＠|＠|//アレン・オニールCollect from Collab. Event|＠|＠|EVOLVE at Level 10|＠|＠|＠|＠|＠|＠|//マーズピープルCollect from Collab. Event|＠|＠|EVOLVE at Level 10|＠|＠|＠|＠|＠|＠|//ヒュージハーミットCollect from Collab. Event|＠|＠|EVOLVE at Level 10|＠|＠|＠|＠|＠|＠|//ジュピターキングCollect from Collab. Event|＠|＠|EVOLVE at Level 10|＠|＠|＠|＠|＠|＠|//モーデン元帥Collect from Collab. Event|＠|＠|EVOLVE at Level 10|＠|＠|＠|＠|＠|＠|//ハイドゥ
From Rare Capsule Event|"Justice Strikes Back: Dark Heroes"|＠|EVOLVE at Level 10|＠|＠|＠|＠|＠|＠|//呪術師デスピエロCollect from Event Map|"All Hallow's Road"|＠|EVOLVE at Level 10|＠|＠|＠|＠|＠|＠|//にゃんぷきんFrom Rare Capsule Event|"Halloween Carnival"|＠|EVOLVE at Level 10|＠|＠|＠|＠|＠|＠|//ハロウィンねねこFrom Rare Capsule Event|"Halloween Carnival"|＠|EVOLVE at Level 10|＠|＠|＠|＠|＠|＠|//ウィンディスイートFrom Rare Capsule Event|"Halloween Carnival"|＠|EVOLVE at Level 10|＠|＠|＠|＠|＠|＠|//デビルサンディアCollect from Collab. Event|＠|＠|EVOLVE at Level 10|＠|＠|＠|＠|＠|＠|//おでんCollect from Collab. Event|＠|＠|EVOLVE at Level 10|＠|＠|＠|＠|＠|＠|//光の神徒ヴァルキリーCollect from Collab. Event|＠|＠|EVOLVE at Level 10|＠|＠|＠|＠|＠|＠|//神徒ブリュンヒルデCollect from Collab. Event|＠|＠|EVOLVE at Level 10|＠|＠|＠|＠|＠|＠|//神徒スルズCollect from Collab. Event|＠|＠|EVOLVE at Level 10|＠|＠|＠|＠|＠|＠|//豊穣の女神フレイヤCollect from Collab. Event|＠|＠|EVOLVE at Level 10|＠|＠|＠|＠|＠|＠|//軍神オーディン
Collect from Limited Rare Capsules!|＠|＠|EVOLVE at Level 10|＠|＠|＠|＠|＠|＠|//おかめはちもくネコCollect from Limited Rare Capsules!|＠|＠|EVOLVE at Level 10|＠|＠|＠|＠|＠|＠|//ボンボンネコCollect from Limited Rare Capsules!|＠|＠|EVOLVE at Level 10|＠|＠|＠|＠|＠|＠|//見習いスニャイパーFrom Rare Capsule Event|"Tales of the Nekoluga"|＠|EVOLVE at Level 10|＠|＠|Once Lvl 30 is reached, use|XP and Catfruit to Evolve.|＠|＠|//トゲルガFrom Rare Capsule Event|"Xmas Gals"|＠|EVOLVE at Level 10|＠|＠|＠|＠|＠|＠|//雪だるまのスノーカイFrom Rare Capsule Event|"Xmas Gals"|＠|EVOLVE at Level 10|＠|＠|＠|＠|＠|＠|//サンタのメリークウFrom Rare Capsule Event|"Xmas Gals"|＠|EVOLVE at Level 10|＠|＠|＠|＠|＠|＠|//聖夜のシスターカッパーCollect from Event Map|"Jolly St. Nick"|＠|EVOLVE at Level 10|＠|＠|＠|＠|＠|＠|//ネコのプレゼント
Collect from Limited Event|＠|＠|EVOLVE at Level 10|＠|＠|＠|＠|＠|＠|//ちびキモネコCollect from Limited Event|＠|＠|EVOLVE at Level 10|＠|＠|＠|＠|＠|＠|//ちびウシネコCollect from Limited Event|＠|＠|EVOLVE at Level 10|＠|＠|＠|＠|＠|＠|//ちびネコノトリCollect as Special Gift|＠|＠|EVOLVE at Level 10|＠|＠|＠|＠|＠|＠|//死にたてにゃんこCollect from Collab. Event|"Castles + Dragons"|＠|EVOLVE at Level 10|＠|＠|Collect as Score Reward|from "Castles + Dragons" Collab.|EVOLVE at Level 20|＠|//剣士Collect from Collab. Event|"Castles + Dragons"|＠|EVOLVE at Level 10|＠|＠|Collect as Score Reward|from "Castles + Dragons" Collab.|EVOLVE at Level 20|＠|//騎馬兵Collect from Collab. Event|"Castles + Dragons"|＠|EVOLVE at Level 10|＠|＠|Collect as Score Reward|from "Castles + Dragons" Collab.|EVOLVE at Level 20|＠|//アシュラCollect from Collab. Event|"Castles + Dragons"|＠|EVOLVE at Level 10|＠|＠|Collect as Score Reward|from "Castles + Dragons" Collab.|EVOLVE at Level 20|＠|//バトルバルーンCollect from Collab. Event|"Castles + Dragons"|＠|EVOLVE at Level 10|＠|＠|Collect as Score Reward|from "Castles + Dragons" Collab.|EVOLVE at Level 20|＠|//ドラゴンライダーCollect from Collab. Event|"Castles + Dragons"|＠|EVOLVE at Level 10|＠|＠|Collect from Collab. Event|from "Castles + Dragons" Collab.|EVOLVE at Level 20|＠|//プリティキャットCollect from Collab. Event|＠|＠|EVOLVE at Level 10|＠|＠|Collect from Collab. Event|from "Castles + Dragons" Collab.|EVOLVE at Level 20|＠|//サイクロプスCollect from Collab. Event|＠|＠|EVOLVE at Level 10|＠|＠|Collect from Collab. Event|from "Castles + Dragons" Collab.|EVOLVE at Level 20|＠|//ゴーレム
From Rare Capsule Event|"The Almighties: Majestic Zeus"|＠|EVOLVE at Level 10|＠|＠|＠|＠|＠|＠|//天空神ゼウスFrom Rare Capsule Event|"The Almighties: Majestic Zeus"|＠|EVOLVE at Level 10|＠|＠|＠|＠|＠|＠|//守護神アヌビスFrom Rare Capsule Event|"The Almighties: Majestic Zeus"|＠|EVOLVE at Level 10|＠|＠|＠|＠|＠|＠|//美女神アフロディーテCollect from Event Map|"Clionel Ascendant"|＠|EVOLVE at Level 10|＠|＠|＠|＠|＠|＠|//ネコセグウェイ（仮）From Rare Capsule Event|"Justice Strikes Back: Dark Heroes"|＠|EVOLVE at Level 10|＠|＠|＠|＠|＠|＠|//ダークヒーローズニンジャCollect from Collab. Event|＠|＠|EVOLVE at Level 10|＠|＠|＠|＠|＠|＠|//ニャームスCollect from Collab. Event|＠|＠|EVOLVE at Level 10|＠|＠|＠|＠|＠|＠|//ポチCollect from Collab. Event|＠|＠|EVOLVE at Level 10|＠|＠|＠|＠|＠|＠|//クロミCollect from Collab. Event|＠|＠|EVOLVE at Level 10|＠|＠|＠|＠|＠|＠|//せつ子
Collect from Collab. Event|＠|＠|EVOLVE at Level 10|＠|＠|＠|＠|＠|＠|//ねば～る君Collect from Event Map|"Red Sky at Morning"|＠|EVOLVE at Level 10|＠|＠|＠|＠|＠|＠|//ミニサイクロンネコ（仮）
Stage Clear Reward|from Stories of Legend|"Weak And Mildly Acidic"|EVOLVE at Level 10|＠|＠|＠|＠|＠|＠|//ネコずきんミーニャFrom Rare Capsule Event|"UBER FEST"|＠|EVOLVE at Level 10|＠|＠|＠|＠|＠|＠|//幼獣ガオCollect from Collab. Event|＠|＠|EVOLVE at Level 10|＠|＠|＠|＠|＠|＠|//狂乱のユキFrom Rare Capsule Event|"The Almighties: Majestic Zeus"|＠|EVOLVE at Level 10|＠|＠|＠|＠|＠|＠|//太陽神アマテラスFrom Rare Capsule Event|"The Almighties: Majestic Zeus"|＠|EVOLVE at Level 10|＠|＠|＠|＠|＠|＠|//繁栄神ガネーシャFrom Event Stage|"The Rolling Dead"|＠|EVOLVE at Level 10|＠|＠|＠|＠|＠|＠|//チアにゃんこFrom Rare Capsule Event|"Gals of Summer"|＠|EVOLVE at Level 10|＠|＠|＠|＠|＠|＠|//トロピカルカリファFrom Rare Capsule Event|"Gals of Summer"|＠|EVOLVE at Level 10|＠|＠|＠|＠|＠|＠|//真夏のホワイトラビットFrom Rare Capsule Event|"Gals of Summer"|＠|EVOLVE at Level 10|＠|＠|＠|＠|＠|＠|//水着ねねこCollect from Collab. Event|＠|＠|EVOLVE at Level 10|＠|＠|＠|＠|＠|＠|//なめこCollect from Collab. Event|＠|＠|EVOLVE at Level 10|＠|＠|＠|＠|＠|＠|//なめこタンクCollect from Collab. Event|＠|＠|EVOLVE at Level 10|＠|＠|＠|＠|＠|＠|//白ネコなめこCollect from Collab. Event|＠|＠|EVOLVE at Level 10|＠|＠|＠|＠|＠|＠|//要塞なめこCollect from Collab. Event|＠|＠|EVOLVE at Level 10|＠|＠|＠|＠|＠|＠|//ふてにゃんFrom Rare Capsule Event|"Summer Diary"|＠|EVOLVE at Level 10|＠|＠|＠|＠|＠|＠|//ネコ阿波踊りFrom Rare Capsule Event|"Red Busters"|＠|EVOLVE at Level 10|＠|＠|＠|＠|＠|＠|//猫飯拳パイパイCollect from Event Map|"River Styx"|＠|EVOLVE at Level 10|＠|＠|＠|＠|＠|＠|//ネコ特急Collect as Special Gift|＠|＠|EVOLVE at Level 10|＠|＠|＠|＠|＠|＠|//狂乱の小籠包にゃんこ
From Rare Capsule Event|"Air Busters"|＠|EVOLVE at Level 10|＠|＠|＠|＠|＠|＠|//閃雷機兵レイ
From Limited Event Stage|"Queen's Coronation"|＠|EVOLVE at Level 10|＠|＠|＠|＠|＠|＠|//ねこ球児
 | | | | | | | | | |//鹿目まどか
 | | | | | | | | | |//暁美ほむら
 | | | | | | | | | |//美樹さやか
 | | | | | | | | | |//巴マミ
 | | | | | | | | | |//佐倉杏子
 | | | | | | | | | |//キュゥべえ
 | | | | | | | | | |//ネコまどか
 | | | | | | | | | |//ネコほむら
 | | | | | | | | | |//ネコさやか
 | | | | | | | | | |//ネコマミ
 | | | | | | | | | |//ネコ杏子
 | | | | | | | | | |//ちびまどか
 | | | | | | | | | |//ちびほむら
 | | | | | | | | | |//ネコキュゥべえ
From Rare Capsule Event|"Halloween Carnival"|＠|EVOLVE at Level 10|＠|＠|＠|＠|＠|＠|//ネコアイスゴースト
From Rare Capsule Event|"A Cultured Festival"|＠|EVOLVE at Level 10|＠|＠|＠|＠|＠|＠|//ネコ屋台
From Rare Capsule Event|"Iron Legion"|＠|EVOLVE at Level 10|＠|＠|＠|＠|＠|＠|//帝国陸軍カタパルズ
From Rare Capsule Event|"Iron Legion"|＠|EVOLVE at Level 10|＠|＠|＠|＠|＠|＠|//古代軍船ガレーズ
From Rare Capsule Event|"Iron Legion"|＠|EVOLVE at Level 10|＠|＠|＠|＠|＠|＠|//飛空襲撃ボンバーズ
Collect from Rare Capsules!|＠|＠|EVOLVE at Level 10|＠|＠|＠|＠|＠|＠|//ネコジャンパー
Collect from Rare Capsules!|＠|＠|EVOLVE at Level 10|＠|＠|＠|＠|＠|＠|//ネコバサミ
 | | | | | | | | | |//ネコ博士
From Rare Capsule Event|"Xmas Gals"|＠|EVOLVE at Level 10|＠|＠|＠|＠|＠|＠|//ネコナースキャンドル
Collect from Limited Event|＠|＠|EVOLVE at Level 10|＠|＠|＠|＠|＠|＠|//ちびネコフィッシュCollect from Limited Event|＠|＠|EVOLVE at Level 10|＠|＠|＠|＠|＠|＠|//ちびねこトカゲ
Collect from Limited Event|＠|＠|EVOLVE at Level 10|＠|＠|＠|＠|＠|＠|//ちび巨神ネコ
From "New Years ONLY!"|Rare Capsule Event|＠|EVOLVE at Level 10|＠|＠|＠|＠|＠|＠|//年末年始ねねこ
Collect from Collab. Event|"Pikotaro"|＠|EVOLVE at Level 10|＠|＠|＠|＠|＠|＠|//太郎
From Rare Capsule Event|"The Almighties: Majestic Zeus"|＠|EVOLVE at Level 10|＠|＠|＠|＠|＠|＠|//ポセイドン
From Rare Capsule Event|"UBER FEST"|＠|EVOLVE at Level 10|＠|＠|＠|＠|＠|＠|//(仮)超ネコ新キャラ
Collect from Collab. Event|＠|＠|EVOLVE at Level 10|＠|＠|＠|＠|＠|＠|//CPAC
From Rare Capsule Event|"UBER FEST"|＠|EVOLVE at Level 10|＠|＠|＠|＠|＠|＠|//超ネコ祭り限定2体目
From Rare Capsule Event|"Day of the Cat"|＠|EVOLVE at Level 10|＠|＠|＠|＠|＠|＠|//ネコの日キャラ
 | | | | | | | | | |//三原慧悟
 | | | | | | | | | |//MAX
