Cat Army|Cat Army MkII|Behind Closed Doors|Boing Boing|Cap'n Ahab|Deathrock|Witch Please|William Tell|Dharma|Shonen Manga|Breakfast|Medium Cool|Cool Japan|Electric Home|Sunbathers|Sound of Wings|Princes Wanted|Valorous|Bustin' Ghosts|Choppers|Apples and Oranges|Take a Bow|Sister Act|Hecks Angels|Cybercrimes|Patched Up|With a View|Crackshot|Lingerie Special|Get Rich|The Divas|In Bloom|Cool Breeze, Hot Day|Face Paint|Cover Girl|Sun and Moon|Just Us League|Revengers|Journey to the West|Rawhide|Last Boss|Overhaul|Maxed Out|Pyon Pyon for Two|Curves|Nemeses|X-Files|Legs for Days|Art History|Moby Dick|Back to School|Eye of the Storm|Crazy Hearts|Mo' Hawks|Saucers|Mecha|Macho Man|Thunder and Lightning|Biceps|Triggermen|Bouncing Four|Pulling Strings|Big Fans|King and Queen|Ancient Heroes|Ultra Souls|Legend of the Nekoluga|Dragon Emperors|Dynamites|The First Vajiras|Double Date|Lazing About|Curses!!!|
The Crazening|Power of Darkness|Gross!!!|Nyanko, Inc.|Seasons of Love|Sexy Bathtime|Flash in the Pan|Blossoming|Bento Special|Horror Movies|Speak of the Devil|Classical Arts|Sportswoman|Gentlemen|Spinners|Longnecks|Feel the Dance|Special Treatment|Nekoluganomicon|Nostalgia|
Good Jobs!|Thirteen|Itchy Riches|
Lords of Earth|Roasted Apple|Tortoise and Hare|Merchant + Courier|Puppeteers Guild|Advent of the Almighty|Love and Romance|Infernal Power|Reinforcements|Cosplayers|Lolly Fanciers|Pointy Bits|Master-Apprentice|Three Kings|Childs Play|Girlish Innocents|Headbanger's Ball|Precious Metals|Five Hearts|Showing Leg|Baby on Board|Showoffs|Grocery Cart|Sweets|Immodest Modesty|Helmetheads|Jibbly Studio|Paranormal Activity|Summer by the Sea|Liver Trouble|
Cat Army|Behind Closed Doors|Cap'n Ahab|Deathrock|Cool Japan|Sunbathers|Sound of Wings|Choppers|Apples and Oranges|Take a Bow|Sister Act|Hecks Angels|Lingerie Special|In Bloom|Childhood Friends|Rawhide|Puppeteers Guild|Pyon Pyon for Two|Helping Hand|Fall in Love|Frog Prince|Treasured Grandchild|No Stage Fright|Biohazard|Midsummer Sun|Reindeer's Gift|Silver Screen|Long-Legged|Life of the Party|Good Jobs!|Thirteen|Itchy Riches|Attack of the Li'ls|X-Files|Legs for Days|Art History|Moby Dick|Back to School|Eye of the Storm|Mo' Hawks|Saucers|Mecha|Macho Man|Bouncing Four|Pulling Strings|King and Queen|Enter The Ninja|Troubled Youth|Duet|Firewatch|Pork on Rice|Smiles at Cats|Lion King|Peach 'n Banana|Honnoji's Curse|Cool in the Heat|Apollo Mission|Bony Bone|Chivalry and Candy|Ratings Competition|Cats 'n Tanks|Headband|Watch Me Whip|Masquerade|Crazy Hearts|Power of Darkness|Gross!!!|Nyanko, Inc.|Seasons of Love|Flash in the Pan|Blossoming|Bento Special|Speak of the Devil|Classical Arts|Sportswoman|Gentlemen|Spinners|Longnecks|Feel the Dance|Special Treatment|Horror Movies|Cat High|Spearfight|Heart Beat|Lolly Fanciers|Master-Apprentice|Three Kings|Girlish Innocents|Headbanger's Ball|Showoffs|Sweets|Pointy Bits|Yesterday's Enemy|Punchpunchpunch!|Lust for Battle|Punish the Lewd|Team of Two|Double Typhoon|Trick of the Wind|IT Crowd|Aerial Recon|Under Arrest|Cat Circus|Checkered Skirt|Double Date|Lazing About|Curses!!!|Immodest Modesty|Jibbly Studio|Pumpkinpants|Paranormal Activity|Liver Trouble|Age of Dinosaurs|Toying Around|Rich and Poor|Koi And Dragon|Playing Slayer|As Above, So Below|Future of War|Bazooka Bros.|Rivalry|Heavenly Kings|Sweep the Area|Steel Saviors|Galactic Travel|Struck by Lightning|Neckless Chic|Blue Lagoon|Dog Gods|Volcanic Fury|Cursed Strength|Secret Agency|Living in Love|Jungle Women|Dreams of Flying|Offering to the Gods|Blessed Strength|Gang of Killers|Classic Headwear|Arm Day Everyday|Like a Record, Baby|
Blessed Business|＠|Hot, Fresh 'n' Fast|Commuter Life|Take Me Out|
Green Thumb|
Purple Heart|
Marine Tours|
Pedal Powered|
Nationals|
Trainspotting|
Brunch Rush|
Black & White|
Royal Submariner|
Cutting Edge|
