stageID	fusumaSE	fusuma	fusuma	fusumaPNGFile	fusumaIMGCUTFile	bannerPNGFile	bannerIMGCUTFile	nekoFile	TitleFile
2001	46	0	458			event_bnr_C_001.png	event_bnr00.imgcut
2008	46	24	509	img009_C_008.png	img009_Event01.imgcut	event_bnr_C_008.png	event_bnr00.imgcut
2011	46	0	458			event_bnr_C_011.png	event_bnr00.imgcut
2013	46	0	458	img009_C_013.png	img009_Event00.imgcut	event_bnr_C_013.png	event_bnr00.imgcut
2019	46	0	458			event_bnr_C_019.png	event_bnr00.imgcut
2021	46	24	509	img009_C_021.png	img009_Event01.imgcut	event_bnr_C_021.png	event_bnr00.imgcut
2023	46	0	458	img009_C_023.png	img009_Event00.imgcut	event_bnr_C_023.png	event_bnr00.imgcut
2024	46	0	458	img009_C_024.png	img009_Event00.imgcut	event_bnr_C_024.png	event_bnr00.imgcut
2027	46	0	458	img009_C_027.png	img009_Event00.imgcut	event_bnr_C_027.png	event_bnr00.imgcut
2029	56	0	458	img009_C_029.png	img009_Event00.imgcut	event_bnr_C_029.png	event_bnr00.imgcut	C_029
2030	46	0	458			event_bnr_C_030.png	event_bnr00.imgcut
2031	-1	0	458	img009_C_031.png	img009_Event00.imgcut	event_bnr_C_031.png	event_bnr00.imgcut	C_031	_C_031
2036	46	0	458			event_bnr_C_036.png	event_bnr00.imgcut
2038	46	0	458			event_bnr_C_038.png	event_bnr00.imgcut
1127	46	0	458	img009_S_127.png	img009_Event00.imgcut			S_127
